"Var1","Freq","yr","simpleDate","mth"
"2015-01-03",1,2015,"01-03",1
"2015-01-04",3,2015,"01-04",1
"2015-01-05",1,2015,"01-05",1
"2015-01-06",9,2015,"01-06",1
"2015-01-07",2,2015,"01-07",1
"2015-01-09",2,2015,"01-09",1
"2015-01-10",2,2015,"01-10",1
"2015-01-11",1,2015,"01-11",1
"2015-01-13",11,2015,"01-13",1
"2015-01-14",1,2015,"01-14",1
"2015-01-15",1,2015,"01-15",1
"2015-01-16",4,2015,"01-16",1
"2015-01-18",1,2015,"01-18",1
"2015-01-19",4,2015,"01-19",1
"2015-01-20",17,2015,"01-20",1
"2015-01-23",1,2015,"01-23",1
"2015-01-26",9,2015,"01-26",1
"2015-01-27",3,2015,"01-27",1
"2015-01-28",1,2015,"01-28",1
"2015-01-30",2,2015,"01-30",1
"2015-01-31",1,2015,"01-31",1
"2015-02-01",1,2015,"02-01",2
"2015-02-02",3,2015,"02-02",2
"2015-02-03",2,2015,"02-03",2
"2015-02-04",3,2015,"02-04",2
"2015-02-06",4,2015,"02-06",2
"2015-02-07",2,2015,"02-07",2
"2015-02-08",1,2015,"02-08",2
"2015-02-11",9,2015,"02-11",2
"2015-02-12",1,2015,"02-12",2
"2015-02-14",4,2015,"02-14",2
"2015-02-15",1,2015,"02-15",2
"2015-02-16",2,2015,"02-16",2
"2015-02-17",1,2015,"02-17",2
"2015-02-18",2,2015,"02-18",2
"2015-02-20",3,2015,"02-20",2
"2015-02-21",1,2015,"02-21",2
"2015-02-22",1,2015,"02-22",2
"2015-02-23",2,2015,"02-23",2
"2015-02-24",2,2015,"02-24",2
"2015-02-27",1,2015,"02-27",2
"2015-03-01",10,2015,"03-01",3
"2015-03-02",2,2015,"03-02",3
"2015-03-03",9,2015,"03-03",3
"2015-03-04",2,2015,"03-04",3
"2015-03-05",5,2015,"03-05",3
"2015-03-07",8,2015,"03-07",3
"2015-03-10",3,2015,"03-10",3
"2015-03-11",8,2015,"03-11",3
"2015-03-14",11,2015,"03-14",3
"2015-03-15",5,2015,"03-15",3
"2015-03-16",1,2015,"03-16",3
"2015-03-17",19,2015,"03-17",3
"2015-03-18",11,2015,"03-18",3
"2015-03-19",7,2015,"03-19",3
"2015-03-21",11,2015,"03-21",3
"2015-03-22",5,2015,"03-22",3
"2015-03-23",3,2015,"03-23",3
"2015-03-24",2,2015,"03-24",3
"2015-03-25",5,2015,"03-25",3
"2015-03-26",5,2015,"03-26",3
"2015-03-28",3,2015,"03-28",3
"2015-03-29",1,2015,"03-29",3
"2015-03-30",9,2015,"03-30",3
"2015-03-31",9,2015,"03-31",3
"2015-04-01",4,2015,"04-01",4
"2015-04-02",6,2015,"04-02",4
"2015-04-04",8,2015,"04-04",4
"2015-04-05",12,2015,"04-05",4
"2015-04-06",13,2015,"04-06",4
"2015-04-07",5,2015,"04-07",4
"2015-04-08",7,2015,"04-08",4
"2015-04-11",9,2015,"04-11",4
"2015-04-12",5,2015,"04-12",4
"2015-04-13",5,2015,"04-13",4
"2015-04-15",2,2015,"04-15",4
"2015-04-16",1,2015,"04-16",4
"2015-04-18",8,2015,"04-18",4
"2015-04-19",3,2015,"04-19",4
"2015-04-20",4,2015,"04-20",4
"2015-04-21",2,2015,"04-21",4
"2015-04-22",2,2015,"04-22",4
"2015-04-23",6,2015,"04-23",4
"2015-04-25",6,2015,"04-25",4
"2015-04-26",4,2015,"04-26",4
"2015-04-28",9,2015,"04-28",4
"2015-04-29",6,2015,"04-29",4
"2015-04-30",3,2015,"04-30",4
"2015-05-02",2,2015,"05-02",5
"2015-05-03",3,2015,"05-03",5
"2015-05-04",6,2015,"05-04",5
"2015-05-05",7,2015,"05-05",5
"2015-05-06",3,2015,"05-06",5
"2015-05-07",4,2015,"05-07",5
"2015-05-08",1,2015,"05-08",5
"2015-05-09",6,2015,"05-09",5
"2015-05-10",8,2015,"05-10",5
"2015-05-11",8,2015,"05-11",5
"2015-05-12",2,2015,"05-12",5
"2015-05-13",6,2015,"05-13",5
"2015-05-14",1,2015,"05-14",5
"2015-05-16",2,2015,"05-16",5
"2015-05-17",1,2015,"05-17",5
"2015-05-18",3,2015,"05-18",5
"2015-05-19",2,2015,"05-19",5
"2015-05-20",7,2015,"05-20",5
"2015-05-21",10,2015,"05-21",5
"2015-05-22",2,2015,"05-22",5
"2015-05-23",7,2015,"05-23",5
"2015-05-24",1,2015,"05-24",5
"2015-05-25",3,2015,"05-25",5
"2015-05-26",8,2015,"05-26",5
"2015-05-27",5,2015,"05-27",5
"2015-05-28",3,2015,"05-28",5
"2015-05-30",8,2015,"05-30",5
"2015-05-31",2,2015,"05-31",5
"2015-06-01",11,2015,"06-01",6
"2015-06-02",5,2015,"06-02",6
"2015-06-03",2,2015,"06-03",6
"2015-06-04",5,2015,"06-04",6
"2015-06-06",9,2015,"06-06",6
"2015-06-07",2,2015,"06-07",6
"2015-06-08",4,2015,"06-08",6
"2015-06-09",16,2015,"06-09",6
"2015-06-10",1,2015,"06-10",6
"2015-06-13",1,2015,"06-13",6
"2015-06-14",1,2015,"06-14",6
"2015-06-15",4,2015,"06-15",6
"2015-06-16",4,2015,"06-16",6
"2015-06-17",4,2015,"06-17",6
"2015-06-18",1,2015,"06-18",6
"2015-06-20",9,2015,"06-20",6
"2015-06-21",18,2015,"06-21",6
"2015-06-22",7,2015,"06-22",6
"2015-06-23",3,2015,"06-23",6
"2015-06-24",1,2015,"06-24",6
"2015-06-25",4,2015,"06-25",6
"2015-06-27",3,2015,"06-27",6
"2015-06-28",6,2015,"06-28",6
"2015-06-29",2,2015,"06-29",6
"2015-06-30",8,2015,"06-30",6
"2015-07-01",3,2015,"07-01",7
"2015-07-02",2,2015,"07-02",7
"2015-07-04",4,2015,"07-04",7
"2015-07-05",10,2015,"07-05",7
"2015-07-06",2,2015,"07-06",7
"2015-07-07",2,2015,"07-07",7
"2015-07-08",3,2015,"07-08",7
"2015-07-09",9,2015,"07-09",7
"2015-07-11",9,2015,"07-11",7
"2015-07-12",12,2015,"07-12",7
"2015-07-13",1,2015,"07-13",7
"2015-07-14",9,2015,"07-14",7
"2015-07-15",2,2015,"07-15",7
"2015-07-18",2,2015,"07-18",7
"2015-07-19",5,2015,"07-19",7
"2015-07-20",15,2015,"07-20",7
"2015-07-21",8,2015,"07-21",7
"2015-07-22",8,2015,"07-22",7
"2015-07-23",9,2015,"07-23",7
"2015-07-25",5,2015,"07-25",7
"2015-07-26",15,2015,"07-26",7
"2015-07-27",3,2015,"07-27",7
"2015-07-28",3,2015,"07-28",7
"2015-07-30",1,2015,"07-30",7
"2015-08-01",6,2015,"08-01",8
"2015-08-02",3,2015,"08-02",8
"2015-08-03",6,2015,"08-03",8
"2015-08-04",9,2015,"08-04",8
"2015-08-05",12,2015,"08-05",8
"2015-08-06",2,2015,"08-06",8
"2015-08-08",13,2015,"08-08",8
"2015-08-09",9,2015,"08-09",8
"2015-08-11",4,2015,"08-11",8
"2015-08-12",9,2015,"08-12",8
"2015-08-15",4,2015,"08-15",8
"2015-08-16",1,2015,"08-16",8
"2015-08-17",5,2015,"08-17",8
"2015-08-19",7,2015,"08-19",8
"2015-08-20",4,2015,"08-20",8
"2015-08-22",3,2015,"08-22",8
"2015-08-23",10,2015,"08-23",8
"2015-08-24",4,2015,"08-24",8
"2015-08-25",14,2015,"08-25",8
"2015-08-26",6,2015,"08-26",8
"2015-08-27",7,2015,"08-27",8
"2015-08-29",5,2015,"08-29",8
"2015-08-30",2,2015,"08-30",8
"2015-08-31",1,2015,"08-31",8
"2015-09-01",5,2015,"09-01",9
"2015-09-02",9,2015,"09-02",9
"2015-09-03",2,2015,"09-03",9
"2015-09-05",2,2015,"09-05",9
"2015-09-06",2,2015,"09-06",9
"2015-09-07",25,2015,"09-07",9
"2015-09-08",27,2015,"09-08",9
"2015-09-09",13,2015,"09-09",9
"2015-09-10",5,2015,"09-10",9
"2015-09-11",1,2015,"09-11",9
"2015-09-12",11,2015,"09-12",9
"2015-09-13",15,2015,"09-13",9
"2015-09-14",19,2015,"09-14",9
"2015-09-15",3,2015,"09-15",9
"2015-09-16",1,2015,"09-16",9
"2015-09-17",14,2015,"09-17",9
"2015-09-19",9,2015,"09-19",9
"2015-09-20",18,2015,"09-20",9
"2015-09-21",16,2015,"09-21",9
"2015-09-22",8,2015,"09-22",9
"2015-09-23",12,2015,"09-23",9
"2015-09-24",1,2015,"09-24",9
"2015-09-25",5,2015,"09-25",9
"2015-09-26",12,2015,"09-26",9
"2015-09-27",3,2015,"09-27",9
"2015-09-28",4,2015,"09-28",9
"2015-09-29",19,2015,"09-29",9
"2015-09-30",6,2015,"09-30",9
"2015-10-01",1,2015,"10-01",10
"2015-10-02",7,2015,"10-02",10
"2015-10-03",13,2015,"10-03",10
"2015-10-04",4,2015,"10-04",10
"2015-10-05",2,2015,"10-05",10
"2015-10-06",4,2015,"10-06",10
"2015-10-07",2,2015,"10-07",10
"2015-10-08",2,2015,"10-08",10
"2015-10-09",3,2015,"10-09",10
"2015-10-10",10,2015,"10-10",10
"2015-10-11",9,2015,"10-11",10
"2015-10-12",3,2015,"10-12",10
"2015-10-13",11,2015,"10-13",10
"2015-10-14",10,2015,"10-14",10
"2015-10-15",3,2015,"10-15",10
"2015-10-16",2,2015,"10-16",10
"2015-10-17",3,2015,"10-17",10
"2015-10-18",9,2015,"10-18",10
"2015-10-19",7,2015,"10-19",10
"2015-10-20",8,2015,"10-20",10
"2015-10-21",6,2015,"10-21",10
"2015-10-22",2,2015,"10-22",10
"2015-10-24",3,2015,"10-24",10
"2015-10-25",3,2015,"10-25",10
"2015-10-26",2,2015,"10-26",10
"2015-10-27",2,2015,"10-27",10
"2015-10-28",6,2015,"10-28",10
"2015-10-29",3,2015,"10-29",10
"2015-10-31",19,2015,"10-31",10
"2015-11-01",17,2015,"11-01",11
"2015-11-02",11,2015,"11-02",11
"2015-11-03",14,2015,"11-03",11
"2015-11-04",15,2015,"11-04",11
"2015-11-05",8,2015,"11-05",11
"2015-11-07",12,2015,"11-07",11
"2015-11-08",1,2015,"11-08",11
"2015-11-09",7,2015,"11-09",11
"2015-11-10",12,2015,"11-10",11
"2015-11-11",23,2015,"11-11",11
"2015-11-12",9,2015,"11-12",11
"2015-11-14",8,2015,"11-14",11
"2015-11-15",8,2015,"11-15",11
"2015-11-16",10,2015,"11-16",11
"2015-11-17",13,2015,"11-17",11
"2015-11-18",20,2015,"11-18",11
"2015-11-19",13,2015,"11-19",11
"2015-11-20",4,2015,"11-20",11
"2015-11-21",9,2015,"11-21",11
"2015-11-22",8,2015,"11-22",11
"2015-11-23",12,2015,"11-23",11
"2015-11-24",18,2015,"11-24",11
"2015-11-25",16,2015,"11-25",11
"2015-11-26",14,2015,"11-26",11
"2015-11-27",2,2015,"11-27",11
"2015-11-28",13,2015,"11-28",11
"2015-11-29",5,2015,"11-29",11
"2015-11-30",4,2015,"11-30",11
"2015-12-01",12,2015,"12-01",12
"2015-12-02",14,2015,"12-02",12
"2015-12-03",2,2015,"12-03",12
"2015-12-04",1,2015,"12-04",12
"2015-12-05",16,2015,"12-05",12
"2015-12-06",11,2015,"12-06",12
"2015-12-07",4,2015,"12-07",12
"2015-12-08",13,2015,"12-08",12
"2015-12-09",8,2015,"12-09",12
"2015-12-10",5,2015,"12-10",12
"2015-12-12",9,2015,"12-12",12
"2015-12-13",6,2015,"12-13",12
"2015-12-14",9,2015,"12-14",12
"2015-12-15",5,2015,"12-15",12
"2015-12-16",13,2015,"12-16",12
"2015-12-17",2,2015,"12-17",12
"2015-12-19",12,2015,"12-19",12
"2015-12-20",24,2015,"12-20",12
"2015-12-21",4,2015,"12-21",12
"2015-12-22",6,2015,"12-22",12
"2015-12-23",9,2015,"12-23",12
"2015-12-24",11,2015,"12-24",12
"2015-12-26",15,2015,"12-26",12
"2015-12-27",16,2015,"12-27",12
"2015-12-28",4,2015,"12-28",12
"2015-12-29",16,2015,"12-29",12
"2015-12-30",13,2015,"12-30",12
"2015-12-31",14,2015,"12-31",12
"2016-01-02",8,2016,"01-02",1
"2016-01-03",4,2016,"01-03",1
"2016-01-04",3,2016,"01-04",1
"2016-01-05",6,2016,"01-05",1
"2016-01-06",2,2016,"01-06",1
"2016-01-09",4,2016,"01-09",1
"2016-01-10",1,2016,"01-10",1
"2016-01-12",5,2016,"01-12",1
"2016-01-13",4,2016,"01-13",1
"2016-01-17",3,2016,"01-17",1
"2016-01-19",2,2016,"01-19",1
"2016-01-23",2,2016,"01-23",1
"2016-01-24",1,2016,"01-24",1
"2016-01-26",1,2016,"01-26",1
"2016-01-27",4,2016,"01-27",1
"2016-01-28",1,2016,"01-28",1
"2016-01-30",3,2016,"01-30",1
"2016-01-31",3,2016,"01-31",1
"2016-02-03",6,2016,"02-03",2
"2016-02-06",9,2016,"02-06",2
"2016-02-07",2,2016,"02-07",2
"2016-02-08",4,2016,"02-08",2
"2016-02-09",5,2016,"02-09",2
"2016-02-10",1,2016,"02-10",2
"2016-02-14",7,2016,"02-14",2
"2016-02-15",8,2016,"02-15",2
"2016-02-16",3,2016,"02-16",2
"2016-02-18",3,2016,"02-18",2
"2016-02-20",2,2016,"02-20",2
"2016-02-21",2,2016,"02-21",2
"2016-02-22",1,2016,"02-22",2
"2016-02-23",2,2016,"02-23",2
"2016-02-25",2,2016,"02-25",2
"2016-02-27",5,2016,"02-27",2
"2016-02-28",2,2016,"02-28",2
"2016-03-01",7,2016,"03-01",3
"2016-03-02",3,2016,"03-02",3
"2016-03-05",16,2016,"03-05",3
"2016-03-06",2,2016,"03-06",3
"2016-03-07",4,2016,"03-07",3
"2016-03-08",8,2016,"03-08",3
"2016-03-09",3,2016,"03-09",3
"2016-03-10",2,2016,"03-10",3
"2016-03-12",4,2016,"03-12",3
"2016-03-13",3,2016,"03-13",3
"2016-03-14",3,2016,"03-14",3
"2016-03-15",1,2016,"03-15",3
"2016-03-16",10,2016,"03-16",3
"2016-03-17",2,2016,"03-17",3
"2016-03-19",11,2016,"03-19",3
"2016-03-20",4,2016,"03-20",3
"2016-03-21",3,2016,"03-21",3
"2016-03-22",10,2016,"03-22",3
"2016-03-23",6,2016,"03-23",3
"2016-03-24",3,2016,"03-24",3
"2016-03-26",3,2016,"03-26",3
"2016-03-27",1,2016,"03-27",3
"2016-03-28",5,2016,"03-28",3
"2016-03-29",8,2016,"03-29",3
"2016-03-30",3,2016,"03-30",3
"2016-03-31",3,2016,"03-31",3
"2016-04-02",6,2016,"04-02",4
"2016-04-04",9,2016,"04-04",4
"2016-04-05",13,2016,"04-05",4
"2016-04-06",6,2016,"04-06",4
"2016-04-07",5,2016,"04-07",4
"2016-04-09",3,2016,"04-09",4
"2016-04-10",3,2016,"04-10",4
"2016-04-11",7,2016,"04-11",4
"2016-04-13",15,2016,"04-13",4
"2016-04-14",1,2016,"04-14",4
"2016-04-16",14,2016,"04-16",4
"2016-04-17",8,2016,"04-17",4
"2016-04-18",18,2016,"04-18",4
"2016-04-19",2,2016,"04-19",4
"2016-04-20",5,2016,"04-20",4
"2016-04-21",4,2016,"04-21",4
"2016-04-22",2,2016,"04-22",4
"2016-04-24",1,2016,"04-24",4
"2016-04-25",7,2016,"04-25",4
"2016-04-26",10,2016,"04-26",4
"2016-04-27",5,2016,"04-27",4
"2016-04-28",5,2016,"04-28",4
"2016-04-29",1,2016,"04-29",4
"2016-04-30",9,2016,"04-30",4
"2016-05-01",7,2016,"05-01",5
"2016-05-02",2,2016,"05-02",5
"2016-05-03",13,2016,"05-03",5
"2016-05-04",4,2016,"05-04",5
"2016-05-07",3,2016,"05-07",5
"2016-05-08",11,2016,"05-08",5
"2016-05-09",1,2016,"05-09",5
"2016-05-10",3,2016,"05-10",5
"2016-05-11",1,2016,"05-11",5
"2016-05-12",8,2016,"05-12",5
"2016-05-13",2,2016,"05-13",5
"2016-05-14",12,2016,"05-14",5
"2016-05-15",2,2016,"05-15",5
"2016-05-16",1,2016,"05-16",5
"2016-05-17",2,2016,"05-17",5
"2016-05-18",1,2016,"05-18",5
"2016-05-20",2,2016,"05-20",5
"2016-05-21",3,2016,"05-21",5
"2016-05-22",4,2016,"05-22",5
"2016-05-23",6,2016,"05-23",5
"2016-05-24",2,2016,"05-24",5
"2016-05-25",8,2016,"05-25",5
"2016-05-26",8,2016,"05-26",5
"2016-05-28",9,2016,"05-28",5
"2016-05-29",7,2016,"05-29",5
"2016-05-30",4,2016,"05-30",5
"2016-05-31",17,2016,"05-31",5
"2016-06-01",7,2016,"06-01",6
"2016-06-04",6,2016,"06-04",6
"2016-06-05",2,2016,"06-05",6
"2016-06-07",4,2016,"06-07",6
"2016-06-08",2,2016,"06-08",6
"2016-06-09",7,2016,"06-09",6
"2016-06-11",13,2016,"06-11",6
"2016-06-12",5,2016,"06-12",6
"2016-06-13",10,2016,"06-13",6
"2016-06-14",1,2016,"06-14",6
"2016-06-15",6,2016,"06-15",6
"2016-06-16",6,2016,"06-16",6
"2016-06-18",14,2016,"06-18",6
"2016-06-19",6,2016,"06-19",6
"2016-06-20",4,2016,"06-20",6
"2016-06-21",1,2016,"06-21",6
"2016-06-22",3,2016,"06-22",6
"2016-06-23",7,2016,"06-23",6
"2016-06-25",10,2016,"06-25",6
"2016-06-26",7,2016,"06-26",6
"2016-06-28",4,2016,"06-28",6
"2016-06-29",4,2016,"06-29",6
"2016-07-02",13,2016,"07-02",7
"2016-07-03",5,2016,"07-03",7
"2016-07-04",3,2016,"07-04",7
"2016-07-05",7,2016,"07-05",7
"2016-07-06",7,2016,"07-06",7
"2016-07-08",1,2016,"07-08",7
"2016-07-09",14,2016,"07-09",7
"2016-07-10",2,2016,"07-10",7
"2016-07-11",11,2016,"07-11",7
"2016-07-12",8,2016,"07-12",7
"2016-07-13",5,2016,"07-13",7
"2016-07-14",4,2016,"07-14",7
"2016-07-16",7,2016,"07-16",7
"2016-07-17",4,2016,"07-17",7
"2016-07-18",2,2016,"07-18",7
"2016-07-19",1,2016,"07-19",7
"2016-07-20",10,2016,"07-20",7
"2016-07-23",3,2016,"07-23",7
"2016-07-24",4,2016,"07-24",7
"2016-07-25",8,2016,"07-25",7
"2016-07-26",6,2016,"07-26",7
"2016-07-27",1,2016,"07-27",7
"2016-07-30",5,2016,"07-30",7
"2016-07-31",5,2016,"07-31",7
"2016-08-01",2,2016,"08-01",8
"2016-08-02",7,2016,"08-02",8
"2016-08-05",4,2016,"08-05",8
"2016-08-06",5,2016,"08-06",8
"2016-08-07",8,2016,"08-07",8
"2016-08-08",6,2016,"08-08",8
"2016-08-09",17,2016,"08-09",8
"2016-08-10",7,2016,"08-10",8
"2016-08-11",3,2016,"08-11",8
"2016-08-13",6,2016,"08-13",8
"2016-08-15",3,2016,"08-15",8
"2016-08-16",13,2016,"08-16",8
"2016-08-17",5,2016,"08-17",8
"2016-08-21",16,2016,"08-21",8
"2016-08-22",2,2016,"08-22",8
"2016-08-23",11,2016,"08-23",8
"2016-08-24",14,2016,"08-24",8
"2016-08-25",5,2016,"08-25",8
"2016-08-27",5,2016,"08-27",8
"2016-08-28",10,2016,"08-28",8
"2016-08-29",2,2016,"08-29",8
"2016-08-31",7,2016,"08-31",8
"2016-09-01",7,2016,"09-01",9
"2016-09-03",14,2016,"09-03",9
"2016-09-04",7,2016,"09-04",9
"2016-09-05",9,2016,"09-05",9
"2016-09-06",9,2016,"09-06",9
"2016-09-07",14,2016,"09-07",9
"2016-09-08",3,2016,"09-08",9
"2016-09-10",9,2016,"09-10",9
"2016-09-11",13,2016,"09-11",9
"2016-09-12",9,2016,"09-12",9
"2016-09-13",8,2016,"09-13",9
"2016-09-14",7,2016,"09-14",9
"2016-09-15",14,2016,"09-15",9
"2016-09-16",1,2016,"09-16",9
"2016-09-17",23,2016,"09-17",9
"2016-09-18",14,2016,"09-18",9
"2016-09-19",6,2016,"09-19",9
"2016-09-20",7,2016,"09-20",9
"2016-09-21",20,2016,"09-21",9
"2016-09-22",11,2016,"09-22",9
"2016-09-24",18,2016,"09-24",9
"2016-09-25",21,2016,"09-25",9
"2016-09-26",20,2016,"09-26",9
"2016-09-27",10,2016,"09-27",9
"2016-09-28",11,2016,"09-28",9
"2016-10-01",6,2016,"10-01",10
"2016-10-02",15,2016,"10-02",10
"2016-10-03",6,2016,"10-03",10
"2016-10-04",4,2016,"10-04",10
"2016-10-05",7,2016,"10-05",10
"2016-10-08",3,2016,"10-08",10
"2016-10-09",12,2016,"10-09",10
"2016-10-10",3,2016,"10-10",10
"2016-10-11",3,2016,"10-11",10
"2016-10-12",11,2016,"10-12",10
"2016-10-13",2,2016,"10-13",10
"2016-10-15",8,2016,"10-15",10
"2016-10-16",1,2016,"10-16",10
"2016-10-17",1,2016,"10-17",10
"2016-10-18",5,2016,"10-18",10
"2016-10-19",6,2016,"10-19",10
"2016-10-20",5,2016,"10-20",10
"2016-10-22",2,2016,"10-22",10
"2016-10-23",15,2016,"10-23",10
"2016-10-24",5,2016,"10-24",10
"2016-10-25",6,2016,"10-25",10
"2016-10-26",8,2016,"10-26",10
"2016-10-28",4,2016,"10-28",10
"2016-10-29",2,2016,"10-29",10
"2016-10-30",7,2016,"10-30",10
"2016-10-31",17,2016,"10-31",10
"2016-11-01",12,2016,"11-01",11
"2016-11-02",11,2016,"11-02",11
"2016-11-03",5,2016,"11-03",11
"2016-11-05",8,2016,"11-05",11
"2016-11-06",2,2016,"11-06",11
"2016-11-07",13,2016,"11-07",11
"2016-11-08",26,2016,"11-08",11
"2016-11-09",13,2016,"11-09",11
"2016-11-10",8,2016,"11-10",11
"2016-11-11",2,2016,"11-11",11
"2016-11-12",11,2016,"11-12",11
"2016-11-13",18,2016,"11-13",11
"2016-11-14",13,2016,"11-14",11
"2016-11-15",8,2016,"11-15",11
"2016-11-16",12,2016,"11-16",11
"2016-11-17",11,2016,"11-17",11
"2016-11-19",4,2016,"11-19",11
"2016-11-20",25,2016,"11-20",11
"2016-11-21",21,2016,"11-21",11
"2016-11-22",14,2016,"11-22",11
"2016-11-23",10,2016,"11-23",11
"2016-11-24",10,2016,"11-24",11
"2016-11-25",1,2016,"11-25",11
"2016-11-26",6,2016,"11-26",11
"2016-11-27",17,2016,"11-27",11
"2016-11-28",13,2016,"11-28",11
"2016-11-29",10,2016,"11-29",11
"2016-11-30",15,2016,"11-30",11
"2016-12-01",14,2016,"12-01",12
"2016-12-03",12,2016,"12-03",12
"2016-12-04",16,2016,"12-04",12
"2016-12-05",12,2016,"12-05",12
"2016-12-06",24,2016,"12-06",12
"2016-12-07",9,2016,"12-07",12
"2016-12-08",6,2016,"12-08",12
"2016-12-09",1,2016,"12-09",12
"2016-12-10",20,2016,"12-10",12
"2016-12-11",18,2016,"12-11",12
"2016-12-12",14,2016,"12-12",12
"2016-12-13",9,2016,"12-13",12
"2016-12-14",8,2016,"12-14",12
"2016-12-15",9,2016,"12-15",12
"2016-12-16",1,2016,"12-16",12
"2016-12-17",12,2016,"12-17",12
"2016-12-18",7,2016,"12-18",12
"2016-12-19",14,2016,"12-19",12
"2016-12-20",11,2016,"12-20",12
"2016-12-21",11,2016,"12-21",12
"2016-12-22",3,2016,"12-22",12
"2016-12-23",1,2016,"12-23",12
"2016-12-24",19,2016,"12-24",12
"2016-12-25",16,2016,"12-25",12
"2016-12-26",4,2016,"12-26",12
"2016-12-27",22,2016,"12-27",12
"2016-12-28",2,2016,"12-28",12
"2016-12-30",5,2016,"12-30",12
"2016-12-31",11,2016,"12-31",12
"2017-01-02",2,2017,"01-02",1
"2017-01-03",6,2017,"01-03",1
"2017-01-04",3,2017,"01-04",1
"2017-01-05",3,2017,"01-05",1
"2017-01-07",3,2017,"01-07",1
"2017-01-08",5,2017,"01-08",1
"2017-01-09",3,2017,"01-09",1
"2017-01-10",3,2017,"01-10",1
"2017-01-11",4,2017,"01-11",1
"2017-01-14",2,2017,"01-14",1
"2017-01-15",8,2017,"01-15",1
"2017-01-16",2,2017,"01-16",1
"2017-01-17",4,2017,"01-17",1
"2017-01-21",2,2017,"01-21",1
"2017-01-22",11,2017,"01-22",1
"2017-01-23",1,2017,"01-23",1
"2017-01-24",1,2017,"01-24",1
"2017-01-25",6,2017,"01-25",1
"2017-01-28",1,2017,"01-28",1
"2017-01-30",10,2017,"01-30",1
"2017-01-31",6,2017,"01-31",1
"2017-02-01",2,2017,"02-01",2
"2017-02-02",5,2017,"02-02",2
"2017-02-03",1,2017,"02-03",2
"2017-02-04",3,2017,"02-04",2
"2017-02-05",15,2017,"02-05",2
"2017-02-06",1,2017,"02-06",2
"2017-02-07",4,2017,"02-07",2
"2017-02-08",2,2017,"02-08",2
"2017-02-09",2,2017,"02-09",2
"2017-02-11",1,2017,"02-11",2
"2017-02-12",2,2017,"02-12",2
"2017-02-13",1,2017,"02-13",2
"2017-02-14",5,2017,"02-14",2
"2017-02-15",2,2017,"02-15",2
"2017-02-16",9,2017,"02-16",2
"2017-02-19",5,2017,"02-19",2
"2017-02-20",1,2017,"02-20",2
"2017-02-21",11,2017,"02-21",2
"2017-02-22",4,2017,"02-22",2
"2017-02-23",1,2017,"02-23",2
"2017-02-25",1,2017,"02-25",2
"2017-02-27",3,2017,"02-27",2
"2017-02-28",2,2017,"02-28",2
"2017-03-01",5,2017,"03-01",3
"2017-03-03",15,2017,"03-03",3
"2017-03-04",4,2017,"03-04",3
"2017-03-05",2,2017,"03-05",3
"2017-03-06",7,2017,"03-06",3
"2017-03-07",1,2017,"03-07",3
"2017-03-08",13,2017,"03-08",3
"2017-03-09",5,2017,"03-09",3
"2017-03-10",7,2017,"03-10",3
"2017-03-11",6,2017,"03-11",3
"2017-03-12",7,2017,"03-12",3
"2017-03-13",20,2017,"03-13",3
"2017-03-14",7,2017,"03-14",3
"2017-03-15",5,2017,"03-15",3
"2017-03-17",7,2017,"03-17",3
"2017-03-18",2,2017,"03-18",3
"2017-03-19",4,2017,"03-19",3
"2017-03-20",7,2017,"03-20",3
"2017-03-21",5,2017,"03-21",3
"2017-03-22",2,2017,"03-22",3
"2017-03-24",4,2017,"03-24",3
"2017-03-25",2,2017,"03-25",3
"2017-03-26",5,2017,"03-26",3
"2017-03-27",3,2017,"03-27",3
"2017-03-28",3,2017,"03-28",3
"2017-03-29",9,2017,"03-29",3
"2017-03-30",1,2017,"03-30",3
"2017-03-31",3,2017,"03-31",3
"2017-04-01",17,2017,"04-01",4
"2017-04-02",1,2017,"04-02",4
"2017-04-03",4,2017,"04-03",4
"2017-04-04",6,2017,"04-04",4
"2017-04-05",3,2017,"04-05",4
"2017-04-07",4,2017,"04-07",4
"2017-04-08",18,2017,"04-08",4
"2017-04-09",4,2017,"04-09",4
"2017-04-10",8,2017,"04-10",4
"2017-04-12",11,2017,"04-12",4
"2017-04-13",1,2017,"04-13",4
"2017-04-14",5,2017,"04-14",4
"2017-04-15",8,2017,"04-15",4
"2017-04-16",7,2017,"04-16",4
"2017-04-17",5,2017,"04-17",4
"2017-04-18",9,2017,"04-18",4
"2017-04-19",15,2017,"04-19",4
"2017-04-21",6,2017,"04-21",4
"2017-04-22",10,2017,"04-22",4
"2017-04-23",8,2017,"04-23",4
"2017-04-24",5,2017,"04-24",4
"2017-04-25",3,2017,"04-25",4
"2017-04-26",1,2017,"04-26",4
"2017-04-28",5,2017,"04-28",4
"2017-04-30",3,2017,"04-30",4
"2017-05-01",6,2017,"05-01",5
"2017-05-02",8,2017,"05-02",5
"2017-05-03",9,2017,"05-03",5
"2017-05-05",12,2017,"05-05",5
"2017-05-06",7,2017,"05-06",5
"2017-05-07",6,2017,"05-07",5
"2017-05-08",7,2017,"05-08",5
"2017-05-09",12,2017,"05-09",5
"2017-05-10",3,2017,"05-10",5
"2017-05-11",1,2017,"05-11",5
"2017-05-12",7,2017,"05-12",5
"2017-05-14",9,2017,"05-14",5
"2017-05-15",6,2017,"05-15",5
"2017-05-16",4,2017,"05-16",5
"2017-05-17",9,2017,"05-17",5
"2017-05-18",2,2017,"05-18",5
"2017-05-19",9,2017,"05-19",5
"2017-05-20",5,2017,"05-20",5
"2017-05-21",7,2017,"05-21",5
"2017-05-22",8,2017,"05-22",5
"2017-05-23",7,2017,"05-23",5
"2017-05-24",3,2017,"05-24",5
"2017-05-25",3,2017,"05-25",5
"2017-05-26",18,2017,"05-26",5
"2017-05-27",7,2017,"05-27",5
"2017-05-28",10,2017,"05-28",5
"2017-05-29",5,2017,"05-29",5
"2017-05-30",25,2017,"05-30",5
"2017-05-31",6,2017,"05-31",5
"2017-06-02",4,2017,"06-02",6
"2017-06-04",12,2017,"06-04",6
"2017-06-05",8,2017,"06-05",6
"2017-06-06",15,2017,"06-06",6
"2017-06-07",4,2017,"06-07",6
"2017-06-09",4,2017,"06-09",6
"2017-06-10",4,2017,"06-10",6
"2017-06-11",8,2017,"06-11",6
"2017-06-12",22,2017,"06-12",6
"2017-06-13",3,2017,"06-13",6
"2017-06-14",10,2017,"06-14",6
"2017-06-15",1,2017,"06-15",6
"2017-06-16",3,2017,"06-16",6
"2017-06-17",18,2017,"06-17",6
"2017-06-18",4,2017,"06-18",6
"2017-06-19",1,2017,"06-19",6
"2017-06-20",17,2017,"06-20",6
"2017-06-21",4,2017,"06-21",6
"2017-06-23",11,2017,"06-23",6
"2017-06-24",6,2017,"06-24",6
"2017-06-25",6,2017,"06-25",6
"2017-06-26",16,2017,"06-26",6
"2017-06-27",3,2017,"06-27",6
"2017-06-28",8,2017,"06-28",6
"2017-06-29",1,2017,"06-29",6
"2017-06-30",3,2017,"06-30",6
"2017-07-01",8,2017,"07-01",7
"2017-07-02",4,2017,"07-02",7
"2017-07-03",4,2017,"07-03",7
"2017-07-04",7,2017,"07-04",7
"2017-07-07",15,2017,"07-07",7
"2017-07-08",11,2017,"07-08",7
"2017-07-09",2,2017,"07-09",7
"2017-07-10",5,2017,"07-10",7
"2017-07-12",1,2017,"07-12",7
"2017-07-14",18,2017,"07-14",7
"2017-07-15",3,2017,"07-15",7
"2017-07-16",12,2017,"07-16",7
"2017-07-17",17,2017,"07-17",7
"2017-07-18",12,2017,"07-18",7
"2017-07-19",8,2017,"07-19",7
"2017-07-20",1,2017,"07-20",7
"2017-07-21",9,2017,"07-21",7
"2017-07-22",12,2017,"07-22",7
"2017-07-23",10,2017,"07-23",7
"2017-07-24",2,2017,"07-24",7
"2017-07-25",14,2017,"07-25",7
"2017-07-28",8,2017,"07-28",7
"2017-07-29",4,2017,"07-29",7
"2017-07-30",4,2017,"07-30",7
"2017-07-31",5,2017,"07-31",7
"2017-08-01",4,2017,"08-01",8
"2017-08-02",3,2017,"08-02",8
"2017-08-03",2,2017,"08-03",8
"2017-08-04",8,2017,"08-04",8
"2017-08-05",1,2017,"08-05",8
"2017-08-06",3,2017,"08-06",8
"2017-08-07",1,2017,"08-07",8
"2017-08-08",7,2017,"08-08",8
"2017-08-09",5,2017,"08-09",8
"2017-08-11",3,2017,"08-11",8
"2017-08-12",7,2017,"08-12",8
"2017-08-13",10,2017,"08-13",8
"2017-08-14",6,2017,"08-14",8
"2017-08-15",10,2017,"08-15",8
"2017-08-16",3,2017,"08-16",8
"2017-08-17",1,2017,"08-17",8
"2017-08-18",6,2017,"08-18",8
"2017-08-19",3,2017,"08-19",8
"2017-08-20",1,2017,"08-20",8
"2017-08-21",11,2017,"08-21",8
"2017-08-22",8,2017,"08-22",8
"2017-08-23",16,2017,"08-23",8
"2017-08-26",20,2017,"08-26",8
"2017-08-27",13,2017,"08-27",8
"2017-08-28",6,2017,"08-28",8
"2017-08-29",9,2017,"08-29",8
"2017-08-30",7,2017,"08-30",8
"2017-08-31",1,2017,"08-31",8
"2017-09-01",20,2017,"09-01",9
"2017-09-02",26,2017,"09-02",9
"2017-09-03",13,2017,"09-03",9
"2017-09-04",16,2017,"09-04",9
"2017-09-05",38,2017,"09-05",9
"2017-09-06",8,2017,"09-06",9
"2017-09-08",21,2017,"09-08",9
"2017-09-09",3,2017,"09-09",9
"2017-09-10",11,2017,"09-10",9
"2017-09-11",16,2017,"09-11",9
"2017-09-12",15,2017,"09-12",9
"2017-09-13",10,2017,"09-13",9
"2017-09-14",3,2017,"09-14",9
"2017-09-15",7,2017,"09-15",9
"2017-09-16",4,2017,"09-16",9
"2017-09-17",14,2017,"09-17",9
"2017-09-18",15,2017,"09-18",9
"2017-09-19",16,2017,"09-19",9
"2017-09-20",10,2017,"09-20",9
"2017-09-22",11,2017,"09-22",9
"2017-09-23",13,2017,"09-23",9
"2017-09-24",12,2017,"09-24",9
"2017-09-25",13,2017,"09-25",9
"2017-09-26",17,2017,"09-26",9
"2017-09-27",5,2017,"09-27",9
"2017-09-28",1,2017,"09-28",9
"2017-09-29",9,2017,"09-29",9
"2017-09-30",2,2017,"09-30",9
"2017-10-01",8,2017,"10-01",10
"2017-10-02",7,2017,"10-02",10
"2017-10-03",7,2017,"10-03",10
"2017-10-04",7,2017,"10-04",10
"2017-10-06",5,2017,"10-06",10
"2017-10-07",5,2017,"10-07",10
"2017-10-08",4,2017,"10-08",10
"2017-10-09",5,2017,"10-09",10
"2017-10-10",5,2017,"10-10",10
"2017-10-11",2,2017,"10-11",10
"2017-10-13",19,2017,"10-13",10
"2017-10-14",10,2017,"10-14",10
"2017-10-15",13,2017,"10-15",10
"2017-10-16",1,2017,"10-16",10
"2017-10-17",6,2017,"10-17",10
"2017-10-18",1,2017,"10-18",10
"2017-10-20",10,2017,"10-20",10
"2017-10-21",19,2017,"10-21",10
"2017-10-22",5,2017,"10-22",10
"2017-10-23",4,2017,"10-23",10
"2017-10-24",6,2017,"10-24",10
"2017-10-25",1,2017,"10-25",10
"2017-10-27",9,2017,"10-27",10
"2017-10-28",17,2017,"10-28",10
"2017-10-29",4,2017,"10-29",10
"2017-10-30",4,2017,"10-30",10
"2017-10-31",8,2017,"10-31",10
"2017-11-01",4,2017,"11-01",11
"2017-11-03",24,2017,"11-03",11
"2017-11-04",20,2017,"11-04",11
"2017-11-05",19,2017,"11-05",11
"2017-11-06",7,2017,"11-06",11
"2017-11-07",19,2017,"11-07",11
"2017-11-08",2,2017,"11-08",11
"2017-11-09",1,2017,"11-09",11
"2017-11-10",35,2017,"11-10",11
"2017-11-11",19,2017,"11-11",11
"2017-11-12",16,2017,"11-12",11
"2017-11-13",13,2017,"11-13",11
"2017-11-14",16,2017,"11-14",11
"2017-11-15",5,2017,"11-15",11
"2017-11-16",2,2017,"11-16",11
"2017-11-17",4,2017,"11-17",11
"2017-11-18",12,2017,"11-18",11
"2017-11-19",18,2017,"11-19",11
"2017-11-20",22,2017,"11-20",11
"2017-11-21",12,2017,"11-21",11
"2017-11-22",10,2017,"11-22",11
"2017-11-23",3,2017,"11-23",11
"2017-11-24",27,2017,"11-24",11
"2017-11-25",12,2017,"11-25",11
"2017-11-26",16,2017,"11-26",11
"2017-11-27",10,2017,"11-27",11
"2017-11-28",11,2017,"11-28",11
"2017-11-29",2,2017,"11-29",11
"2017-11-30",5,2017,"11-30",11
"2017-12-01",23,2017,"12-01",12
"2017-12-02",17,2017,"12-02",12
"2017-12-03",16,2017,"12-03",12
"2017-12-04",9,2017,"12-04",12
"2017-12-05",13,2017,"12-05",12
"2017-12-06",11,2017,"12-06",12
"2017-12-08",15,2017,"12-08",12
"2017-12-09",17,2017,"12-09",12
"2017-12-10",13,2017,"12-10",12
"2017-12-11",28,2017,"12-11",12
"2017-12-12",10,2017,"12-12",12
"2017-12-13",4,2017,"12-13",12
"2017-12-14",9,2017,"12-14",12
"2017-12-15",7,2017,"12-15",12
"2017-12-16",5,2017,"12-16",12
"2017-12-17",7,2017,"12-17",12
"2017-12-18",21,2017,"12-18",12
"2017-12-19",7,2017,"12-19",12
"2017-12-20",4,2017,"12-20",12
"2017-12-22",8,2017,"12-22",12
"2017-12-23",20,2017,"12-23",12
"2017-12-24",8,2017,"12-24",12
"2017-12-25",19,2017,"12-25",12
"2017-12-26",13,2017,"12-26",12
"2017-12-27",7,2017,"12-27",12
"2017-12-29",12,2017,"12-29",12
"2017-12-30",8,2017,"12-30",12
"2017-12-31",7,2017,"12-31",12
"2018-01-01",10,2018,"01-01",1
"2018-01-02",8,2018,"01-02",1
"2018-01-03",3,2018,"01-03",1
"2018-01-06",1,2018,"01-06",1
"2018-01-07",6,2018,"01-07",1
"2018-01-08",1,2018,"01-08",1
"2018-01-09",1,2018,"01-09",1
"2018-01-12",4,2018,"01-12",1
"2018-01-13",4,2018,"01-13",1
"2018-01-14",10,2018,"01-14",1
"2018-01-15",8,2018,"01-15",1
"2018-01-16",5,2018,"01-16",1
"2018-01-19",5,2018,"01-19",1
"2018-01-20",6,2018,"01-20",1
"2018-01-21",14,2018,"01-21",1
"2018-01-22",6,2018,"01-22",1
"2018-01-23",7,2018,"01-23",1
"2018-01-24",4,2018,"01-24",1
"2018-01-26",6,2018,"01-26",1
"2018-01-27",4,2018,"01-27",1
"2018-01-28",4,2018,"01-28",1
"2018-01-29",6,2018,"01-29",1
"2018-01-30",16,2018,"01-30",1
"2018-02-02",9,2018,"02-02",2
"2018-02-03",8,2018,"02-03",2
"2018-02-04",1,2018,"02-04",2
"2018-02-05",4,2018,"02-05",2
"2018-02-06",5,2018,"02-06",2
"2018-02-09",6,2018,"02-09",2
"2018-02-10",2,2018,"02-10",2
"2018-02-11",5,2018,"02-11",2
"2018-02-13",7,2018,"02-13",2
"2018-02-16",8,2018,"02-16",2
"2018-02-17",13,2018,"02-17",2
"2018-02-18",3,2018,"02-18",2
"2018-02-19",4,2018,"02-19",2
"2018-02-20",11,2018,"02-20",2
"2018-02-21",1,2018,"02-21",2
"2018-02-23",3,2018,"02-23",2
"2018-02-24",3,2018,"02-24",2
"2018-02-25",3,2018,"02-25",2
"2018-02-26",6,2018,"02-26",2
"2018-02-28",2,2018,"02-28",2
"2018-03-02",11,2018,"03-02",3
"2018-03-03",7,2018,"03-03",3
"2018-03-04",6,2018,"03-04",3
"2018-03-05",9,2018,"03-05",3
"2018-03-06",10,2018,"03-06",3
"2018-03-07",3,2018,"03-07",3
"2018-03-08",4,2018,"03-08",3
"2018-03-09",3,2018,"03-09",3
"2018-03-10",9,2018,"03-10",3
"2018-03-11",7,2018,"03-11",3
"2018-03-12",3,2018,"03-12",3
"2018-03-13",20,2018,"03-13",3
"2018-03-14",1,2018,"03-14",3
"2018-03-16",13,2018,"03-16",3
"2018-03-17",13,2018,"03-17",3
"2018-03-18",10,2018,"03-18",3
"2018-03-19",10,2018,"03-19",3
"2018-03-20",6,2018,"03-20",3
"2018-03-21",12,2018,"03-21",3
"2018-03-23",8,2018,"03-23",3
"2018-03-24",7,2018,"03-24",3
"2018-03-25",12,2018,"03-25",3
"2018-03-26",11,2018,"03-26",3
"2018-03-27",14,2018,"03-27",3
"2018-03-28",8,2018,"03-28",3
"2018-03-29",1,2018,"03-29",3
"2018-03-30",6,2018,"03-30",3
"2018-03-31",13,2018,"03-31",3
"2018-04-01",12,2018,"04-01",4
"2018-04-02",5,2018,"04-02",4
"2018-04-03",2,2018,"04-03",4
"2018-04-04",6,2018,"04-04",4
"2018-04-06",2,2018,"04-06",4
"2018-04-07",7,2018,"04-07",4
"2018-04-08",8,2018,"04-08",4
"2018-04-09",12,2018,"04-09",4
"2018-04-10",10,2018,"04-10",4
"2018-04-11",7,2018,"04-11",4
"2018-04-12",2,2018,"04-12",4
"2018-04-13",4,2018,"04-13",4
"2018-04-14",8,2018,"04-14",4
"2018-04-15",6,2018,"04-15",4
"2018-04-16",10,2018,"04-16",4
"2018-04-17",13,2018,"04-17",4
"2018-04-20",10,2018,"04-20",4
"2018-04-21",8,2018,"04-21",4
"2018-04-22",3,2018,"04-22",4
"2018-04-23",15,2018,"04-23",4
"2018-04-24",9,2018,"04-24",4
"2018-04-25",8,2018,"04-25",4
"2018-04-26",3,2018,"04-26",4
"2018-04-27",6,2018,"04-27",4
"2018-04-28",4,2018,"04-28",4
"2018-04-29",2,2018,"04-29",4
"2018-04-30",18,2018,"04-30",4
"2018-05-01",6,2018,"05-01",5
"2018-05-02",5,2018,"05-02",5
"2018-05-03",9,2018,"05-03",5
"2018-05-04",10,2018,"05-04",5
"2018-05-05",6,2018,"05-05",5
"2018-05-06",12,2018,"05-06",5
"2018-05-07",6,2018,"05-07",5
"2018-05-08",5,2018,"05-08",5
"2018-05-09",7,2018,"05-09",5
"2018-05-11",9,2018,"05-11",5
"2018-05-12",13,2018,"05-12",5
"2018-05-13",9,2018,"05-13",5
"2018-05-14",21,2018,"05-14",5
"2018-05-15",8,2018,"05-15",5
"2018-05-16",1,2018,"05-16",5
"2018-05-18",17,2018,"05-18",5
"2018-05-19",20,2018,"05-19",5
"2018-05-20",12,2018,"05-20",5
"2018-05-21",2,2018,"05-21",5
"2018-05-22",7,2018,"05-22",5
"2018-05-23",5,2018,"05-23",5
"2018-05-25",6,2018,"05-25",5
"2018-05-26",4,2018,"05-26",5
"2018-05-27",11,2018,"05-27",5
"2018-05-28",12,2018,"05-28",5
"2018-05-29",8,2018,"05-29",5
"2018-05-30",9,2018,"05-30",5
"2018-06-01",6,2018,"06-01",6
"2018-06-02",6,2018,"06-02",6
"2018-06-03",17,2018,"06-03",6
"2018-06-04",8,2018,"06-04",6
"2018-06-05",2,2018,"06-05",6
"2018-06-06",2,2018,"06-06",6
"2018-06-08",11,2018,"06-08",6
"2018-06-09",5,2018,"06-09",6
"2018-06-10",13,2018,"06-10",6
"2018-06-11",14,2018,"06-11",6
"2018-06-12",11,2018,"06-12",6
"2018-06-13",5,2018,"06-13",6
"2018-06-15",16,2018,"06-15",6
"2018-06-16",13,2018,"06-16",6
"2018-06-17",9,2018,"06-17",6
"2018-06-18",3,2018,"06-18",6
"2018-06-19",12,2018,"06-19",6
"2018-06-20",9,2018,"06-20",6
"2018-06-21",5,2018,"06-21",6
"2018-06-22",6,2018,"06-22",6
"2018-06-24",9,2018,"06-24",6
"2018-06-25",6,2018,"06-25",6
"2018-06-26",16,2018,"06-26",6
"2018-06-27",5,2018,"06-27",6
"2018-06-29",15,2018,"06-29",6
"2018-06-30",11,2018,"06-30",6
"2018-07-01",3,2018,"07-01",7
"2018-07-02",2,2018,"07-02",7
"2018-07-03",20,2018,"07-03",7
"2018-07-05",6,2018,"07-05",7
"2018-07-06",4,2018,"07-06",7
"2018-07-07",9,2018,"07-07",7
"2018-07-08",19,2018,"07-08",7
"2018-07-09",9,2018,"07-09",7
"2018-07-10",3,2018,"07-10",7
"2018-07-11",7,2018,"07-11",7
"2018-07-12",1,2018,"07-12",7
"2018-07-13",4,2018,"07-13",7
"2018-07-14",13,2018,"07-14",7
"2018-07-15",10,2018,"07-15",7
"2018-07-16",2,2018,"07-16",7
"2018-07-17",9,2018,"07-17",7
"2018-07-18",8,2018,"07-18",7
"2018-07-20",12,2018,"07-20",7
"2018-07-21",22,2018,"07-21",7
"2018-07-22",2,2018,"07-22",7
"2018-07-23",10,2018,"07-23",7
"2018-07-24",1,2018,"07-24",7
"2018-07-25",8,2018,"07-25",7
"2018-07-26",2,2018,"07-26",7
"2018-07-27",7,2018,"07-27",7
"2018-07-28",3,2018,"07-28",7
"2018-07-29",12,2018,"07-29",7
"2018-07-30",4,2018,"07-30",7
"2018-07-31",11,2018,"07-31",7
"2018-08-01",6,2018,"08-01",8
"2018-08-03",6,2018,"08-03",8
"2018-08-04",3,2018,"08-04",8
"2018-08-05",5,2018,"08-05",8
"2018-08-06",7,2018,"08-06",8
"2018-08-07",17,2018,"08-07",8
"2018-08-10",4,2018,"08-10",8
"2018-08-11",6,2018,"08-11",8
"2018-08-12",12,2018,"08-12",8
"2018-08-13",13,2018,"08-13",8
"2018-08-14",3,2018,"08-14",8
"2018-08-15",3,2018,"08-15",8
"2018-08-16",2,2018,"08-16",8
"2018-08-17",17,2018,"08-17",8
"2018-08-18",17,2018,"08-18",8
"2018-08-19",4,2018,"08-19",8
"2018-08-20",7,2018,"08-20",8
"2018-08-21",20,2018,"08-21",8
"2018-08-22",2,2018,"08-22",8
"2018-08-23",5,2018,"08-23",8
"2018-08-24",4,2018,"08-24",8
"2018-08-25",5,2018,"08-25",8
"2018-08-26",3,2018,"08-26",8
"2018-08-27",19,2018,"08-27",8
"2018-08-28",8,2018,"08-28",8
"2018-08-29",5,2018,"08-29",8
"2018-08-31",11,2018,"08-31",8
"2018-09-01",7,2018,"09-01",9
"2018-09-02",33,2018,"09-02",9
"2018-09-03",13,2018,"09-03",9
"2018-09-04",28,2018,"09-04",9
"2018-09-05",5,2018,"09-05",9
"2018-09-07",23,2018,"09-07",9
"2018-09-08",14,2018,"09-08",9
"2018-09-09",29,2018,"09-09",9
"2018-09-10",18,2018,"09-10",9
"2018-09-11",22,2018,"09-11",9
"2018-09-12",7,2018,"09-12",9
"2018-09-13",1,2018,"09-13",9
"2018-09-14",17,2018,"09-14",9
"2018-09-15",26,2018,"09-15",9
"2018-09-16",12,2018,"09-16",9
"2018-09-17",17,2018,"09-17",9
"2018-09-18",20,2018,"09-18",9
"2018-09-19",15,2018,"09-19",9
"2018-09-20",14,2018,"09-20",9
"2018-09-21",8,2018,"09-21",9
"2018-09-22",22,2018,"09-22",9
"2018-09-23",20,2018,"09-23",9
"2018-09-24",25,2018,"09-24",9
"2018-09-25",13,2018,"09-25",9
"2018-09-26",7,2018,"09-26",9
"2018-09-28",10,2018,"09-28",9
"2018-09-29",20,2018,"09-29",9
"2018-09-30",7,2018,"09-30",9
"2018-10-01",12,2018,"10-01",10
"2018-10-02",26,2018,"10-02",10
"2018-10-03",9,2018,"10-03",10
"2018-10-04",1,2018,"10-04",10
"2018-10-05",15,2018,"10-05",10
"2018-10-06",9,2018,"10-06",10
"2018-10-07",11,2018,"10-07",10
"2018-10-08",6,2018,"10-08",10
"2018-10-09",11,2018,"10-09",10
"2018-10-10",1,2018,"10-10",10
"2018-10-12",17,2018,"10-12",10
"2018-10-13",15,2018,"10-13",10
"2018-10-14",5,2018,"10-14",10
"2018-10-15",8,2018,"10-15",10
"2018-10-16",6,2018,"10-16",10
"2018-10-17",4,2018,"10-17",10
"2018-10-19",16,2018,"10-19",10
"2018-10-20",15,2018,"10-20",10
"2018-10-21",18,2018,"10-21",10
"2018-10-22",12,2018,"10-22",10
"2018-10-23",18,2018,"10-23",10
"2018-10-24",2,2018,"10-24",10
"2018-10-26",10,2018,"10-26",10
"2018-10-27",12,2018,"10-27",10
"2018-10-28",8,2018,"10-28",10
"2018-10-29",1,2018,"10-29",10
"2018-10-30",23,2018,"10-30",10
"2018-10-31",3,2018,"10-31",10
"2018-11-01",4,2018,"11-01",11
"2018-11-02",25,2018,"11-02",11
"2018-11-03",23,2018,"11-03",11
"2018-11-04",17,2018,"11-04",11
"2018-11-05",18,2018,"11-05",11
"2018-11-06",27,2018,"11-06",11
"2018-11-07",10,2018,"11-07",11
"2018-11-08",2,2018,"11-08",11
"2018-11-09",12,2018,"11-09",11
"2018-11-10",15,2018,"11-10",11
"2018-11-11",15,2018,"11-11",11
"2018-11-12",30,2018,"11-12",11
"2018-11-13",22,2018,"11-13",11
"2018-11-14",10,2018,"11-14",11
"2018-11-15",2,2018,"11-15",11
"2018-11-16",18,2018,"11-16",11
"2018-11-17",14,2018,"11-17",11
"2018-11-18",21,2018,"11-18",11
"2018-11-19",26,2018,"11-19",11
"2018-11-20",17,2018,"11-20",11
"2018-11-21",15,2018,"11-21",11
"2018-11-22",1,2018,"11-22",11
"2018-11-23",17,2018,"11-23",11
"2018-11-24",24,2018,"11-24",11
"2018-11-25",13,2018,"11-25",11
"2018-11-26",16,2018,"11-26",11
"2018-11-27",13,2018,"11-27",11
"2018-11-28",12,2018,"11-28",11
"2018-11-29",2,2018,"11-29",11
"2018-11-30",15,2018,"11-30",11
"2018-12-01",34,2018,"12-01",12
"2018-12-02",34,2018,"12-02",12
"2018-12-03",20,2018,"12-03",12
"2018-12-04",18,2018,"12-04",12
"2018-12-05",18,2018,"12-05",12
"2018-12-06",1,2018,"12-06",12
"2018-12-07",9,2018,"12-07",12
"2018-12-08",30,2018,"12-08",12
"2018-12-09",33,2018,"12-09",12
"2018-12-10",21,2018,"12-10",12
"2018-12-11",19,2018,"12-11",12
"2018-12-13",6,2018,"12-13",12
"2018-12-14",18,2018,"12-14",12
"2018-12-15",5,2018,"12-15",12
"2018-12-16",13,2018,"12-16",12
"2018-12-17",13,2018,"12-17",12
"2018-12-18",20,2018,"12-18",12
"2018-12-19",5,2018,"12-19",12
"2018-12-20",5,2018,"12-20",12
"2018-12-21",11,2018,"12-21",12
"2018-12-22",27,2018,"12-22",12
"2018-12-23",15,2018,"12-23",12
"2018-12-24",16,2018,"12-24",12
"2018-12-25",23,2018,"12-25",12
"2018-12-26",4,2018,"12-26",12
"2018-12-27",2,2018,"12-27",12
"2018-12-28",19,2018,"12-28",12
"2018-12-29",12,2018,"12-29",12
"2018-12-30",7,2018,"12-30",12
